4300000000,63f4346a4db34fdfce29a70f5e8d11f065f6b91602b7036c7f22f3a03b28899c
4300000001,246cb85843ac936d55388f2ff288b011add5b1b20cca9cfd19a403ca2c9ecbde
4300000002,0044e1258b865d262587c28ff98853bc52bb31266230c1c648cc9004047a5428
4300000003,bbf8980e3f7604896821203bf62f97f311124da1fbb95bf523fcfdb356ad19c9
4300000004,1a650b9b7b9d132e257ff6b336ba7cd96b1796357c4fc8dd7d0bd1ff1de057d5
4300000005,6d694b93a2bb5ac23a13ed6749a789ca751cf73d5982c459e0cd9d5d303da74c
4300000006,b57808c188b7315583cf120fe89de923583bc7a8ebff03189145b86bf859b21b
4300000007,a6a5b330e816242d54c8586ba9b6d63c19d921171ef3d4525b8ffc635742e83a
4300000008,b8447f415279dffe8a09afe6f6d5e335a2f6911fce8e1d1866723d5e5e8a5306
4300000009,558daee5a4a55fe03d912e35c7b6b0bc19ece82fd5bcb685bc36f2bc381babfd
