4f00222fbd00162aa70000,c78ac4c326cd43cdc0c844b7cea13659449ab3e40015746573742d70686f746f2d7374726173626f757267
4f002230a700162f600000,ebf95f7fdb89db5467bb1b88ea3b0f0f7ee5ce360003636e63
4f002230e3001630960000,a6f91a86837ab84a4cf0d2dcbe94704a528cf820000f776f6e646572776f6d616e31393933
4f002231e8001635e60000,9673cc2a1aac64d7b2742705abfb09fca30d7e0500056d6d61736b
4f00223246001638a80000,c39342066646dc50f1a9954b41684d157b035dac00036f6e65
4f00223494001645ef0001,4689c1ccb4420309f93ab98799b28c49fa4d3809000a65617379737472656574
4f002236df0016529a0000,f1628d66ae52295590b72b9a0b3a3527642a532600137465737470756230332d32312d323031372d32
4f002236e10016529d0000,a4c61ced261ab571bdb3410ae140bec6c31f14ce00117465737470756230332d32312d32303137
4f00223774001655960000,2327bcb6d7578a2669e416b5aa185fe14ee8e03e00056569676874
4f00223a04001664200000,f69099600bdca9b062ba60432dba3c0ca2241167002c686973746f72792d6f662d6672696564726963682d69692d6f662d707275737369612d766f6c756d652d3137
