50000100,a51d5c567412654e6d741114fea6fb851dec73800004831f
50000101,11158037afca9c2efabc3dff55e352bf1f5634c50004831f
50000102,a4a575934de77d8ec8589595d8cd91857e3cf5ba0004831f
50000103,f595a21fb597bd030defefda3df9f8f4a3e0cb860004831f
50000104,682ccb0518a6bd00c955949d9ef330d3ac18cb800004831f
50000105,078a435851bf97c5cc36e8b03e3208a30d27679f0004831f
50000106,1a4a75246a766cf21a629f619bc5bcb531de7a5a0004831f
50000107,b144ad496b29b9c12c316f319773adcdd4c9bce20004831f
50000108,af2a09232fc6bf664088d65da42fe0345b4589600004831f
50000109,7b2ab15758c519116fb9ba9331a3b9ee7530831f0004831f
