5100002e5002000059610000,04c7d5e2360f10ab8e28d5d831abb29b72cea3a8000c697473616469736173746572
5100002e52020000596d0000,04c7d5e2360f10ab8e28d5d831abb29b72cea3a8000c697473616469736173746572
5100005d570200025e360000,32d4fc78396c239f5c1a0a041242eebb2636750900036f6e65
5100005d590200025e570001,c923ae766c269535048c06674261e546004375ab000374776f
5100005d5a0200025e6a0001,c923ae766c269535048c06674261e546004375ab000374776f
51000061e50200029e100000,a467b70b0a9ddba924d0a115206fe7c1cb25a3460003707567
51000080a002000449380000,c6ddef5e005606bd816177c7f0cba2404c7191310006757465737432
510000c3c102000864bb0000,32d4fc78396c239f5c1a0a041242eebb2636750900036f6e65
510000fd8002000c380b0000,c2ba0ad053f45d77ae569a1b5c407bc213365fda00037a6564
510001556c02001030b40000,467513d3a6eed0114964d751cd85ed49c8e3af4e000b776172616e647065616365
