56000009ca6e0caaaef16872b4bd4f6f1b8c2363e2,dbdfb6cd5e83baf342eaab8b19662ed0c71aae9a
56000011884f49bd8fcd16444dd44452a4e007f156,799c1f31da3021972570a9fafaa838fec36aecc4
560000140cfb01f26c9177e99831ef05b61981852a,0f7f89b3fd788c928104fa7406b8c34c77edaba4
56000014f799144c6cbadef2a3cc28552dc6cf8539,8fefe443580aee599c5450bfd422eed78091115c
560000158cc5d5817bbe2dae2e97d569d2e812f310,a1a3fd82cfec76e34ab2467b5988c5e195c47de6
5600005491516e90167b54f346ab2325d422445b60,865ff83242498653f8a088f1755a4fb116fbe39c
56000080a0497721b900a1896c209b16ae9d74645d,d2fc2d13cce02143549e27fbb459380af3fa04a9
560000843de01218f5bc2baa62f6e8891f2d5a31cd,47ec6edb8178816a6e0dca4db5a8c14be04b0869
560000882f6d62f74883ec7fd594b2a723071709b8,a4bce36b4c341e046068c72f53bbf55914304ba1
560000981099ab4955195aed48a5bf2aa6e80dbbff,4153e0b9d207cfc9a871c1679d41347cf55bdfab
