5800000000,cc59e59ff97ac092b55e423aa5495151ed6fb80570a5bb78cd5bd1c3821c21b8
5800000001,ba888e2f9c037f831046f8ad09f6d378f79c728d003b177a64d29621f481da5d
5800000002,09d8734d81b5f2eb1b653caf17491544ddfbc72f2f4c0c3f22a3362db5ba9d47
5800000003,e285dbf24334585b9a924536a717160ee185a86d1eeb7b19684538685eca761a
5800000004,d83cf1408debbd631950b7a95b0c940772119cd8a615a3d44601568713fec80c
5800000005,47638e54178dbdddf2e81a3b7566860e5264df6066755f9760a893f5caecc579
5800000006,ec91627e0dba856b933983425d7f72958e8f974682632a0fa2acee9cfd819401
5800000007,a3c4a19948a1263722c45c5601fd10a7aea7cf73bfa45e060508f109155e80ab
5800000008,0fc2da46cf0de0057c1b9fc93d997105ff6cf2c8c43269b446c1dbf5ac18be8c
5800000009,7356a733f87e592ea133328792dd9d676ed83771c8ff0f519928ce752f159ba6
