c,
631457da9061c90a8fd211994ba8e3701a76c43fa66937673f,e41d47b10d8b768793c75e4b2bb35784
632de81b0213a1b6e390e4c1859dba94b2b0e9a74e360a2b9e,1326b6b9eb9ad8ecc591aa54c365dafa
63325af388b77d3ed3df8a5b1483b83fb0b5153ad51de15ac0,b3985bb638840f1c0c7aadaa32848fc1
6339c7574004d908068b73e2f898a241dceaa19d2e4f5fd2c6,b55b277d1598b93cad3cbcdbdc796c04
6363d895c26d023913ae5c84680d8acbf0c4b2dd6fa1842a2c,9c33af364b69814cc868fadc48547ef9
637d45cd2b29ba27353f889660780d2c5edd0d490058c06dd1,6597a63fa0de8aaf717e031029830cc1
637e1d5b825273eaf7457f40d97fc18ab2f99e25552e14e185,2c9e0e7145297d8eaee06f36567a529c
638151f59e498873ef82ef0271186f0b60b9ceeaa10aec120e,9b64b4276a1059e4ecf19560b566d503
6384e22f9b0fc6f63c9a221786091ecf02b0df2925895b8132,e12f4a8a130f1419ff4ae3a9bb8a31ee
63a92ad4fe7abbf72db94f49092764329c4d9b5cf30115eb2a,152300368cecfaf42debe1e7cccba9cc
63ab7cc5574087640b78b46e9548cfbefabc581e479883eb70,1f8e2f0abf79e263c3bd3fa29085f454
63b7cceb793d1e8a3729c9f9bc7a580b7d3d1b42a3c13c5e99,fb5b20d556d3362da5e4e880b8feec7a
63b9b943c661dfad86644fdf34d956273996a261692227d6a9,8b4aeb0ad6f6275025df1fb2a173c5a7
63bba32a7015a47db0da6381c30f95200858637fb82cf367ee,83841279d3c9a345e87f02ba431479fe
63beea81eeec6fadf422df5800d013278ccd351dc77cabf363,d3ea0bcc5e7a5453855d96220fc02e97
63bf6872e4541eaa7ffe0659e11eff43520a6571a634576c56,d01ae01321c2617c17767446f624a348
63cce2b1651ed5575052abbb75747d059b5a54e09c7a330b56,46a4dbf4d155da400b30038a0ccd3bdc
63d5165b6b9c42249409c8e616fc17481bd296f69d0b4564f2,a18bff62b8cbe7aea8a46aa2e83432a3
63e616d85d1425ea0686aa58438ff416db5176da015cef2eb3,8c1e763b02f9f3f1b4c6f0e5dd18cb19
63f5476e70301ba6fdd6d0317b2c03d678e2623ee66fd4110a,f04df6c132e1d2d14feeb17ca34b65f3
