d,
64188d8e8e56c823919ba5eea5b60d0e2a27b313b314a83cd79ec882e042ba47d1,27f60d5852ab8e9538b5c35891ebd915c14b02a679607b01ae33e040a816685fba36f7e9918136dba9999c13cc
64254b85d06da94e2c7723699a684dfcf38664bcadb4e6aa35541cd5b2975bbcb9,fbc9d8e21a2192182aba69c73a6e3f7f56ba2fac8a634ef1f0b16625a12db3757c27dbddd74c3e598005a7c529f13410d4ff3a02456164e973040dec661f78106441
642984b5855a4a1894d881f82d3703f184e6c1b380daa5d09147c98c1b71bee9ea,3ff17d6d132128a85f8262399a6ee09401672ec20e668ff70fe63024753d8b9ecd915720e2fc4b52d857034b066c2e316ab2d2d3c77d20649bfdd1e86d7f0ffa1b44302989e1f103470aebbaf4
64299c1c1b5dabf41bd83f3c91efce9eb5c0acd635dc6e669b42c3bf27cc4dc418,144ab7485a18bdfc8ed9543e1d5783941d602f9b012441da55f028b37d679f046173b4ab1c10e424
6435d0497f800004c1a23d3471242dbcf8012eb45792621e2185d675b1c3a21021,a03bf241d35ac46c51aad53c83b2f445fc8e97654e843b0d83b0ba85b0d8130c9e7c7b13bb4d6157f5f73df8c80e4f4851d29c0501e8fcba518d3dbd80c0e87e94ec1bc781e0f6092fd0d4749c418afd
644515ee2686c2e0410a965fae5a8ff3e707bab2ba3969d9557ab529aa219da650,662ce7d0284408744733f63ea84cb9db34413f261913c3fce59933a196458b3a1e9b52a636af1fb778a0edaedae51be1aedb09b9d605e1e7ef8c0da3e8eba9b99d723a9c1635473554b0bf45db5fb790a110f0d3f89cbe
6458f48aa991fc0a2c6f79f138fcc758646b025fce9d02525ee077dbbb56c64043,a48b7d67a08ebf8a9298c7b6576a1daae2e0b8fcc35fc95bd7097c54fed39df5bab602e389e1378523688109525e8be4b23d
645b00b38d41e9e74d7af8b88c6840deacd9af74a25de3f352440b0087a111af2e,0d6b55f6eae73445f41335666b345be2afc15989331f8478efd86f7c420d7f71cd6a23723a25c1da963dce93e5993a74529a4cddced9ca3a6ede21b597ba2c26d2
645c00301ef63070ab0912e3378b2d59d19953a74143b584d686e59638ede0250c,16fa8a614ee7bc188c92772bd8f41311e518ea04a4063eae2e3f0ac6c86fcb34a821afe711c4cabe6a6b4245dec139
645c241e29e0a3e406f4a908faa7d39df87c91190fb3e073b006d22f6695735873,84b2dd6db4cdd508d31f4fa0ca561f90d0cdffdb958cf8a5d297260d
6468c52a1fbf769451bcd1c99021ee0b309ae67bb5f03e83ab50674bb959e5845c,ae39e4716dc15ece68c57794720d787193b28632e13dea5050e95f1f251674370ef3aa64
646acbb4b11cfa5ead5a2c38515ace8f4fc87d39c3cf8866401900ee822e8ce238,c31db7d0ce2537e1fe0c6fc9cd4e84d5c9f73df537425f1035938fa49fb0f9334f86be59b8
6478d257a7fd6779ad36b351e88cc9f34e55cf8d200bc3f095505168d31dafc21c,f8e3051555b19ecc5af92ba46f7db73190d9e1e0ecf84c259cad97371480ea3c7c5036157fad5c1d0d008bf1ab4ae558b78f4426a9303cc53401b9085b5c23966f48fbb1d76809ea3376e3d08a6d10b048d06da6a5ff32
64b099e855102c54d054907e42637536b93f2b5c8482795a4d89bd420dff876fe3,19bfabe9d9633c1741bf051db2ba9b0d0b265a66ac9869ce
64b567cd2cb2d61062b66aeb2364f7bf3fc706f67ecf34674fdfc0b793587c6e3b,ccfc02a82b2e0f925a53aff5c040e610af1eee11f2aba92a9ce57e975c1937fb7888e9da98712bc5be906f0ed4946077f4ecb7d5c2fd167d892a67
64bfd045aaaeded94be7a756ca44bf3c3b1825c32ce8df02023ba5349aab3cae4e,2a890e23f7282e5d38f5575e83d72b369c365a4772b0f109ce
64c3fbfe842cf0e183d79b9340da544ac8afeee1351f4d67ba407afd0db8dc20b7,df3b8fc3e4b169c0cbeeb701ddc8a50ea4dab3ce5a32553bc5be28e5cd1c65a76669fa71c141c639965f8a7d71ef93f2a193cf9025a67509ac7bae8152a6e36a3c283e3186dc35ed11de23810a1cbe13b0889f465b8e70dfc96671821a4504c0
64c610888ad1cb913b13be9f52e51269bfa664862b213d102838cfa04350eb3431,7a065900bc937ec5426525b13375ccc7f07b1230a3369eb6a107ba5a253182a2660ebe7f45
64d41e007768c674b134ff3f75b7c682a08fe673929673a445cd2e176b63d5aff5,9fd9c6ceee853474dbd77c73640befc524d8e3f3
64ee07557244e772cf9384d37ace73921388c05a8cadcab8aa17e82935bd5b95a7,4f396aef717bd3b9f57ca99af6db26114794c059472b8951dfe0cf588f35c7c74a91dbbac4f26faa565c18fb5b7d0ddbef53ae92945bf74e3f81a453d6b16b03208dbf5ae310f0
