f,
660d649ba1defa4ab5ab71f8,919be5811844077f4660af66afa9a59a5ad17cf5c541524e780fe2137bfa250c
6623c6895027f70a5330bbcb,8dadcde1a6f676d4004eacd399f825006ddf136d1e92b1c92113377b3e1741b4
664f095b24484ebce8f31fbf,c0c4a751f569c1f9c01531f57ba674b2ad2338d9c08f9e9fc85b0209d15466b2
665201a38de7d7243df717c9,d9293577cc0d51fe3a5bee78fea9b2b2222e6c2aa0d26a4ef4bfb7dd095587e8
665328b2449e537b0ca4733f,624f80a361e47c7eb1b815e8714a40f67b4f642a5546547a3fcb5bf5593d8fab
665ec882021f55b1fbaa5fad,1e917fbc04385290d654f711bdef12773dd54b6b5ea26fe2a9d58ed051f2cb7f
6671c131cd433750ba6d3908,a2ebfbdf7a23024c340a45f201645aa46f48bc1fdd8d34ed83fcffbf1ee90523
667fb93d9ae877ba11f337f2,4710649e06619e13250754937e9c17c20b07434751171aac2f2f78b184aa0146
668ed5f39a5db059dc326137,8dd8ca749b87f43e290904749a546fe319c9d53e765f065bb8beb234a117655e
66951782f6ba94f2b71e46d0,4f5c9434dd0886c57c2530991cebd973e1b50d5ba8fcfc019e54561217a49bbb
66970565dfe2b01cad49b73a,f6ca0ae18c896d9bc97c5a9d0c3a06256485f59c77fb91780b213f933b80f48b
669f6a30a6712062da0cc271,5c6604bfd63b871daceb7893dd618850458974fe4108871c1a1323fb8ae34e4e
66a9a7b89b78553592acf3df,0561f28c3a5ea0027ecb3c53fa068772a6b7cb73d23104a14f9aba8cd1f070a2
66aba81567ba48f001f843f0,b0f6ae2c1db8263f7e11fc79423109e718d1f3c30bd123c4243401b5e4f1fee6
66b569cc3d28be4466fb28d1,ecee392ad8217f325508ba38d280436fb0a520b79a9627e5e18197bf55540885
66d4662cd100d66055917d63,5762a8ac767fa30d2ca76db7081f8a2e4f5da4f0bf92d29e1322da9a154cc3d6
66d6fa6ac71d0255dd3f185d,5fc193e5e51b3bd8e95f4eb9df63236da7abf678fc47c0b339ceb5c127d0f488
66e5b6c7c231a02a32eedd83,58c70ffbfada12550f24bf7931cee06eb2e267dec3560e2e46843e383415f163
66e673cce02c2163f756491e,b8db43d1f6e62361e2e3b8fa765f79c08ddfb3035caa06f8250d6d1b063a7140
66fc4ad75184e6029c805d94,fc7ac5e785f73732d95183d6bdc3423d41a074fc3f04b1304bae1efa652edde1
