K,
4b00000324e40fcb63a0b517a3660645e9bd99244a030bc8a50000,0000000001312d00
4b000023415fc7ba8a470f0cdf4a66bffacd5ba97902c6e2aa0126,0000000001ea252a
4b000023415fc7ba8a470f0cdf4a66bffacd5ba97902c6e7d20151,0000000005be6f7e
4b000023415fc7ba8a470f0cdf4a66bffacd5ba97902c6eeb6014d,0000000001eac106
4b000023415fc7ba8a470f0cdf4a66bffacd5ba97902c6eed00037,0000000001eac106
4b000023415fc7ba8a470f0cdf4a66bffacd5ba97902c6f4f00133,0000000001eac106
4b000023415fc7ba8a470f0cdf4a66bffacd5ba97902c6f4f001e5,0000000001eac106
4b000023415fc7ba8a470f0cdf4a66bffacd5ba97902c6f9b6013e,0000000001eac106
4b000023415fc7ba8a470f0cdf4a66bffacd5ba97902c6f9b7012f,0000000003d5820c
4b000023415fc7ba8a470f0cdf4a66bffacd5ba97902c6f9b9001c,0000000003d5820c
