N,
4e00000031a2e262d60074f07330d7187907e5b02be8f9b3c60cdc03d776314912,01376ce8
4e0000004e91edda0f9cd3bcef9565a31e6bbbd34c731483e03ec7d8819158ac30,030ee002
4e0000008070865693cd82ed0f59896e34973adbff0583fb8a1293919591446075,03518017
4e0000009c24d4d9187749a1f8f6d6c0f92a5e98817f5efcd427a5593344a45a2e,019436d7
4e000000cee66b136a85596df24ece60bbd1392f70204fd2f144f059e5195ee3c9,00169e07
4e000000e0bf96accd4eda4d871c5bc8c0ebb14509b896a867095f9b419f9b04f2,02bcc37a
4e0000011daab2a9f45cca3d0bac6fee69324af4757b1c4e8c3a362efbb6e8a09d,00c4c1e3
4e00000150116856ce8ce06604b9584e61afb3b613a8a5a512ab260e7f0cbe5496,003a51fa
4e0000015ba8df5c3ed80d0fc364136de02e3ba9d9550cbb1ecef03b97fcdf0621,00d725d0
4e000001d4a53fc92321415631862a791f8680241ed172e579534713f68a6869ba,025e8166
