Z,
5a00009d4f7ab04598c25390fe543aba137c149233,00000000
5a00009f35397ada0476b04c67978ad081b50833ed,00000001
5a0000cbef248847373c999de142bc2d7da4d01410,00000001
5a0000eff19123a0b3087a0f059a5e0c10d7437756,00000018
5a0000f3ebc97800e26f68f0c45dfd05bf54489190,00000006
5a000191553161252e30656c931e0dffb98d8f97f8,00000001
5a000201be81dc3e91efb767f1e61c5fb7e91893d7,00000008
5a00023c709799e614bf512a6b97297aee15272bf2,00000007
5a000278a3339c1dbcd26b825f0ec7b8420b0e7fdb,00000001
5a000286086a1430ee22305cec2540bd69a61be3d1,0000000c
